Grupo;Espécie;Classe;Ordem;Família;Gênero;scientificNameAuthorship;vernacularName;lifeForm
Angiosperms;Actinostemon concolor;Magnoliopsida;Malpighiales;Euphorbiaceae;Actinostemon;(Spreng.) Müll.Arg.;branquinho, laranjeira-do-mato, laranjeira-brava, laranjeira-do-mato, pau-rainha, feicasse, laranjeira-brava, barreiro, guamirim, limoeiro, canela-de-veado;"Shrub;Tree"
Angiosperms;Actinostemon roseliae;Magnoliopsida;Malpighiales;Euphorbiaceae;Actinostemon;L.Oliveira, A.L.Melo & M.F.Sales;branquilho;"Shrub;Tree"
Angiosperms;Aegiphila brachiata;Magnoliopsida;Lamiales;Lamiaceae;Aegiphila;Vell.;;"Shrub;Tree"
Angiosperms;Aegiphila integrifolia;Magnoliopsida;Lamiales;Lamiaceae;Aegiphila;(Jacq.) Moldenke;;"Shrub;Tree"
Angiosperms;Aegiphila mediterranea;Magnoliopsida;Lamiales;Lamiaceae;Aegiphila;Vell.;;Tree
Angiosperms;Aegiphila obducta;Magnoliopsida;Lamiales;Lamiaceae;Aegiphila;Vell.;;"Liana/scandent/vine;Shrub;Tree"
Angiosperms;Agonandra excelsa;Magnoliopsida;Santalales;Opiliaceae;Agonandra;Griseb.;;"Shrub;Tree"
Angiosperms;Aiouea hatschbachii;Magnoliopsida;Laurales;Lauraceae;Aiouea;(Vattimo-Gil) R.Rohde;;"Shrub;Tree"
Angiosperms;Aiouea sellowiana;Magnoliopsida;Laurales;Lauraceae;Aiouea;(Nees & Mart.) R.Rohde;;Tree
Angiosperms;Allophylus edulis;Magnoliopsida;Sapindales;Sapindaceae;Allophylus;(A.St.-Hil. et al.) Hieron. ex Niederl.;vacum, baga-de-morcego, tres-folhas-do-mato, murta-vermelha, murici-brava, chal-chal, perta-cu, fruto-do-rei, vacunzinho, fruto-de-pombo, canhou, fruta-de-parao;"Shrub;Tree"
Angiosperms;Allophylus guaraniticus;Magnoliopsida;Sapindales;Sapindaceae;Allophylus;(A. St.-Hil.) Radlk.;chal-chal, guamerim, vacum, vacunzinho, vacum-mirim;"Shrub;Tree"
Angiosperms;Aloysia virgata;Magnoliopsida;Lamiales;Verbenaceae;Aloysia;(Ruiz & Pav.) Juss.;;"Shrub;Tree"
Angiosperms;Alseis floribunda;Magnoliopsida;Gentianales;Rubiaceae;Alseis;Schott;alma-da-serra, quina-de-sao-paulo, taruma;Tree
Ferns and Lycophytes;Alsophila setosa;Polypodiopsida;Cyatheales;Cyatheaceae;Alsophila;Kaulf.;;Tree
Angiosperms;Annona sylvatica;Magnoliopsida;Magnoliales;Annonaceae;Annona;A.St.-Hil.;alchexu, araticu, affenbeeren, araticu-do-mata, araticum, araticum-grande, bananinha, biriba, cortica, cortica-de-comer, embira-vermelha, pinha;Tree
Angiosperms;Apuleia leiocarpa;Magnoliopsida;Fabales;Fabaceae;Apuleia;(Vogel) J.F.Macbr.;grapia, grapiapunha, garapa-branca, garapa, garapeira, mulateira, cumaru-cetim, cumaru-ferro, muirajuba, muirataua, mitaroa, amarelao, amarelo;"Shrub;Tree"
Gymnosperms;Araucaria angustifolia;Pinopsida;Pinales;Araucariaceae;Araucaria;(Bertol.) Kuntze;araucaria, pinheiro-do-parana, curi, pinheiro-brasileiro, pinho-do-parana;Tree
Angiosperms;Azara uruguayensis;Magnoliopsida;Malpighiales;Salicaceae;Azara;(Speg.) Sleumer;;"Shrub;Tree"
Angiosperms;Baccharis montana;Magnoliopsida;Asterales;Asteraceae;Baccharis;DC.;alecrim, alecrim-do-mato;"Shrub;Tree"
Angiosperms;Baccharis oreophila;Magnoliopsida;Asterales;Asteraceae;Baccharis;Malme;alecrim, vassoura;"Shrub;Tree"
Angiosperms;Baccharis semiserrata;Magnoliopsida;Asterales;Asteraceae;Baccharis;DC.;alecrim, alecrim-do-mato;"Shrub;Tree"
Angiosperms;Banara tomentosa;Magnoliopsida;Malpighiales;Salicaceae;Banara;Clos;;"Shrub;Tree"
Angiosperms;Bauhinia forficata;Magnoliopsida;Fabales;Fabaceae;Bauhinia;Link;;Tree
Angiosperms;Berberis laurina;Magnoliopsida;Ranunculales;Berberidaceae;Berberis;Billb.;espinho-de-sao-joao;"Shrub;Tree"
Angiosperms;Bernardia pulchella;Magnoliopsida;Malpighiales;Euphorbiaceae;Bernardia;(Baill.) Müll.Arg.;;"Shrub;Tree"
Angiosperms;Blepharocalyx salicifolius;Magnoliopsida;Myrtales;Myrtaceae;Blepharocalyx;(Kunth) O.Berg;;"Shrub;Tree"
Angiosperms;Bougainvillea glabra;Magnoliopsida;Caryophyllales;Nyctaginaceae;Bougainvillea;Choisy;juvu, tres-marias, primavera, buganvilia;"Liana/scandent/vine;Shrub;Tree"
Angiosperms;Bougainvillea spectabilis;Magnoliopsida;Caryophyllales;Nyctaginaceae;Bougainvillea;Willd.;tres-marias, primavera, tapirica, roseira-do-mato;"Liana/scandent/vine;Tree"
Angiosperms;Brasiliopuntia brasiliensis;Magnoliopsida;Caryophyllales;Cactaceae;Brasiliopuntia;(Willd.) A.Berger;urumbeba, rumbeba, cumbeba, mumbeca, mumbebo, facho-de-renda, palmatoria-grande, palmatoria-do-diabo, ambeba, arumbeva, gerumbeba, jurubeba, palmadora, palmatoria, xiquexique-do-sertao;"Shrub;Succulent;Tree"
Angiosperms;Bunchosia maritima;Magnoliopsida;Malpighiales;Malpighiaceae;Bunchosia;(Vell.) J.F.Macbr.;;"Shrub;Tree"
Angiosperms;Calliandra tweedii;Magnoliopsida;Fabales;Fabaceae;Calliandra;Benth.;esponjinha-vermelha, esponjinha-sangue, esponjinha, mandarare, caliandra;"Shrub;Tree"
Angiosperms;Campomanesia guaviroba;Magnoliopsida;Myrtales;Myrtaceae;Campomanesia;(DC.) Kiaersk.;guabiroba, gabiroba, guabirobao, guabirobao-da-ilha;Tree
Angiosperms;Campomanesia guazumifolia;Magnoliopsida;Myrtales;Myrtaceae;Campomanesia;(Cambess.) O.Berg;;Tree
Angiosperms;Campomanesia neriiflora;Magnoliopsida;Myrtales;Myrtaceae;Campomanesia;(O.Berg) Nied.;;"Shrub;Tree"
Angiosperms;Campomanesia xanthocarpa;Magnoliopsida;Myrtales;Myrtaceae;Campomanesia;(Mart.) O.Berg;gabiroba;Tree
Angiosperms;Casearia gossypiosperma;Magnoliopsida;Malpighiales;Salicaceae;Casearia;Briq.;laranjinha, pau-de-espeto, vidro;Tree
Angiosperms;Casearia lasiophylla;Magnoliopsida;Malpighiales;Salicaceae;Casearia;Eichler;;"Shrub;Tree"
Angiosperms;Casearia mariquitensis;Magnoliopsida;Malpighiales;Salicaceae;Casearia;Kunth;cafezinho-do-mato, espeteiro;Tree
Angiosperms;Casearia obliqua;Magnoliopsida;Malpighiales;Salicaceae;Casearia;Spreng.;;"Shrub;Tree"
Angiosperms;Casearia paranaensis;Magnoliopsida;Malpighiales;Salicaceae;Casearia;Sleumer;;Tree
Angiosperms;Casearia pauciflora;Magnoliopsida;Malpighiales;Salicaceae;Casearia;Cambess.;;"Shrub;Tree"
Angiosperms;Casearia sylvestris;Magnoliopsida;Malpighiales;Salicaceae;Casearia;Sw.;guacatonga, pau-de-lagarto;"Shrub;Subshrub;Tree"
Angiosperms;Cassia leptophylla;Magnoliopsida;Fabales;Fabaceae;Cassia;Vogel;;Tree
Angiosperms;Cecropia glaziovii;Magnoliopsida;Rosales;Urticaceae;Cecropia;Snethl.;embauba-vermelha;Tree
Angiosperms;Cecropia pachystachya;Magnoliopsida;Rosales;Urticaceae;Cecropia;Trécul;embauba, embauba-branca;Tree
Angiosperms;Celtis boliviensis;Magnoliopsida;Rosales;Cannabaceae;Celtis;Planch.;;"Shrub;Tree"
Angiosperms;Celtis tarijensis;Magnoliopsida;Rosales;Cannabaceae;Celtis;(Wedd.) Zamengo, Chamorro & Oakley;;"Liana/scandent/vine;Shrub;Tree"
Angiosperms;Cestrum axillare;Magnoliopsida;Solanales;Solanaceae;Cestrum;Vell.;anilao, cairana, canema, coerana, coerana-branca, dama-da-noite, joao-mole, maria-branca, maria-preta, quarana;Tree
Angiosperms;Cestrum intermedium;Magnoliopsida;Solanales;Solanaceae;Cestrum;Sendtn.;coerana;"Shrub;Tree"
Angiosperms;Chionanthus filiformis;Magnoliopsida;Lamiales;Oleaceae;Chionanthus;(Vell.) P.S.Green;;Tree
Angiosperms;Chomelia obtusa;Magnoliopsida;Gentianales;Rubiaceae;Chomelia;Cham. & Schltdl.;rompe-gibao, tapaquita, quina-cruzeiro, limaorana;"Shrub;Tree"
Angiosperms;Cinnamodendron dinisii;Magnoliopsida;Canellales;Canellaceae;Cinnamodendron;Schwacke;pau-amargo, paratudo, pau-para-tudo, pimenteira;Tree
Angiosperms;Cinnamomum hirsutum;Magnoliopsida;Laurales;Lauraceae;Cinnamomum;(Lorea-Hern.) van der Werff;;Tree
Angiosperms;Cinnamomum pseudoglaziovii;Magnoliopsida;Laurales;Lauraceae;Cinnamomum;(Lorea-Hern.) Van der Werff;;Tree
Angiosperms;Citharexylum myrianthum;Magnoliopsida;Lamiales;Verbenaceae;Citharexylum;Cham.;;Tree
Angiosperms;Citharexylum solanaceum;Magnoliopsida;Lamiales;Verbenaceae;Citharexylum;Cham.;;"Shrub;Tree"
Angiosperms;Citronella apogon;Magnoliopsida;Cardiopteridales;Cardiopteridaceae;Citronella;(Griseb.) R.A.Howard;laurel;"Shrub;Tree"
Angiosperms;Citronella gongonha;Magnoliopsida;Cardiopteridales;Cardiopteridaceae;Citronella;(Mart.) R.A.Howard;congonha, congonha-de-bugre, congonha-do-sertao, congonha-falsa, erva-de-anta, falso-mate, inhane, yapon, yerba-de-palos-de-paraguayos;"Shrub;Tree"
Angiosperms;Clethra scabra;Magnoliopsida;Ericales;Clethraceae;Clethra;Pers.;carne-de-vaca, caujuja;"Shrub;Tree"
Angiosperms;Clethra uleana;Magnoliopsida;Ericales;Clethraceae;Clethra;Sleumer;caujuja-de-ule;"Shrub;Tree"
Angiosperms;Coccoloba glaziovii;Magnoliopsida;Caryophyllales;Polygonaceae;Coccoloba;Lindau;cabacu, folha-larga-da-mata, canacu;"Shrub;Tree"
Angiosperms;Coccoloba persicaria;Magnoliopsida;Caryophyllales;Polygonaceae;Coccoloba;Wedd.;;"Shrub;Tree"
Angiosperms;Coccoloba warmingii;Magnoliopsida;Caryophyllales;Polygonaceae;Coccoloba;Meisn.;cauacu, pau-de-cachimbo, caixao, catureiro-vermelho;"Shrub;Tree"
Angiosperms;Cordia ecalyculata;Magnoliopsida;Boraginales;Cordiaceae;Cordia;Vell.;cha-de-bugre;Tree
Angiosperms;Coussapoa microcarpa;Magnoliopsida;Rosales;Urticaceae;Coussapoa;(Schott) Rizzini;mata-pau;"Shrub;Tree"
Angiosperms;Coutarea hexandra;Magnoliopsida;Gentianales;Rubiaceae;Coutarea;(Jacq.) K.Schum.;capirona, capanca-vermelha;"Shrub;Tree"
Angiosperms;Cryptocarya aschersoniana;Magnoliopsida;Laurales;Lauraceae;Cryptocarya;Mez;canela-areia, canela-fogo;Tree
Angiosperms;Curitiba prismatica;Magnoliopsida;Myrtales;Myrtaceae;Curitiba;(D.Legrand) Salywon & Landrum;guamirim, cambui, mureira, murta, bosta-de-galinha;"Shrub;Tree"
Angiosperms;Cybistax antisyphilitica;Magnoliopsida;Lamiales;Bignoniaceae;Cybistax;(Mart.) Mart.;caroba-de-flor-verde, caroba-do-campo, espeguilla, fava-de-aranha, ipe-de-flor-verde, ipe-mandioca, ipe-mirim, ipe-verde, llangua, llangua colorado, orcco-huoranhuay, pau-de-mulato, taiiy hoby, yangua, yangua caspi, yangua tinctoria, carobinha-verde, cinco-chagas, ipe-pardo;Tree
Angiosperms;Dalbergia brasiliensis;Magnoliopsida;Fabales;Fabaceae;Dalbergia;Vogel;caroba-brava, jacaranda, marmeleiro;Tree
Angiosperms;Daphnopsis racemosa;Magnoliopsida;Malvales;Thymelaeaceae;Daphnopsis;Griseb.;embira-de-sapo, embira-pimenta;"Shrub;Tree"
Angiosperms;Daphnopsis sellowiana;Magnoliopsida;Malvales;Thymelaeaceae;Daphnopsis;Taub.;embira, embirinha;"Shrub;Tree"
Angiosperms;Dasyphyllum brasiliense;Magnoliopsida;Asterales;Asteraceae;Dasyphyllum;(Spreng.) Cabrera;;"Shrub;Tree"
Angiosperms;Dasyphyllum spinescens;Magnoliopsida;Asterales;Asteraceae;Dasyphyllum;(Less.) Cabrera;;Tree
Angiosperms;Diatenopteryx sorbifolia;Magnoliopsida;Sapindales;Sapindaceae;Diatenopteryx;Radlk.;;Tree
Ferns and Lycophytes;Dicksonia sellowiana;Polypodiopsida;Cyatheales;Dicksoniaceae;Dicksonia;Hook.;;Tree
Angiosperms;Diospyros inconstans;Magnoliopsida;Ericales;Ebenaceae;Diospyros;Jacq.;marmelinho, fruta-de-jacu;"Shrub;Tree"
Angiosperms;Drimys brasiliensis;Magnoliopsida;Canellales;Winteraceae;Drimys;Miers;;"Shrub;Tree"
Angiosperms;Duranta vestita;Magnoliopsida;Lamiales;Verbenaceae;Duranta;Cham.;;"Shrub;Tree"
Angiosperms;Endlicheria paniculata;Magnoliopsida;Laurales;Lauraceae;Endlicheria;(Spreng.) J.F.Macbr.;canela-frade, canela-garuva;"Shrub;Tree"
Angiosperms;Erythroxylum umbu;Magnoliopsida;Malpighiales;Erythroxylaceae;Erythroxylum;Costa-Lima;;"Shrub;Tree"
Angiosperms;Escallonia bifida;Magnoliopsida;Escalloniales;Escalloniaceae;Escallonia;Link & Otto;maria-mole, arbol de pito, canudo-de-pito, esponja-do-mato, escalonia;"Shrub;Tree"
Angiosperms;Escallonia farinacea;Magnoliopsida;Escalloniales;Escalloniaceae;Escallonia;A.St.-Hil.;esponja-do-mato, escalonia;"Shrub;Tree"
Angiosperms;Eugenia acutata;Magnoliopsida;Myrtales;Myrtaceae;Eugenia;Miq.;;Tree
Angiosperms;Eugenia brasiliensis;Magnoliopsida;Myrtales;Myrtaceae;Eugenia;Lam.;Grumixama, Grumixameira, Grumixaba, Cumbixaba, Ibaporoiti;Tree
Angiosperms;Eugenia burkartiana;Magnoliopsida;Myrtales;Myrtaceae;Eugenia;(D.Legrand) D.Legrand;;Tree
Angiosperms;Eugenia cereja;Magnoliopsida;Myrtales;Myrtaceae;Eugenia;D.Legrand;;Tree
Angiosperms;Eugenia chlorophylla;Magnoliopsida;Myrtales;Myrtaceae;Eugenia;O.Berg;;Tree
Angiosperms;Eugenia dodonaeifolia;Magnoliopsida;Myrtales;Myrtaceae;Eugenia;Cambess.;;Tree
Angiosperms;Eugenia gracillima;Magnoliopsida;Myrtales;Myrtaceae;Eugenia;Kiaersk.;;Tree
Angiosperms;Eugenia handroana;Magnoliopsida;Myrtales;Myrtaceae;Eugenia;D.Legrand;;Tree
Angiosperms;Eugenia handroi;Magnoliopsida;Myrtales;Myrtaceae;Eugenia;(Mattos) Mattos;;Tree
Angiosperms;Eugenia hiemalis;Magnoliopsida;Myrtales;Myrtaceae;Eugenia;Cambess.;;"Shrub;Tree"
Angiosperms;Eugenia involucrata;Magnoliopsida;Myrtales;Myrtaceae;Eugenia;DC.;Cereja-do-rio-grande;"Shrub;Subshrub;Tree"
Angiosperms;Eugenia kleinii;Magnoliopsida;Myrtales;Myrtaceae;Eugenia;D.Legrand;;Tree
Angiosperms;Eugenia multicostata;Magnoliopsida;Myrtales;Myrtaceae;Eugenia;D.Legrand;;Tree
Angiosperms;Eugenia myrcianthes;Magnoliopsida;Myrtales;Myrtaceae;Eugenia;Nied.;;"Shrub;Tree"
Angiosperms;Eugenia neomyrtifolia;Magnoliopsida;Myrtales;Myrtaceae;Eugenia;Sobral;;"Shrub;Tree"
Angiosperms;Eugenia neoverrucosa;Magnoliopsida;Myrtales;Myrtaceae;Eugenia;Sobral;;Tree
Angiosperms;Eugenia nutans;Magnoliopsida;Myrtales;Myrtaceae;Eugenia;O.Berg;;Tree
Angiosperms;Eugenia oeidocarpa;Magnoliopsida;Myrtales;Myrtaceae;Eugenia;O.Berg;;Tree
Angiosperms;Eugenia platysema;Magnoliopsida;Myrtales;Myrtaceae;Eugenia;O.Berg;;Tree
Angiosperms;Eugenia pluriflora;Magnoliopsida;Myrtales;Myrtaceae;Eugenia;DC.;;Tree
Angiosperms;Eugenia prasina;Magnoliopsida;Myrtales;Myrtaceae;Eugenia;O.Berg;;Tree
Angiosperms;Eugenia pruinosa;Magnoliopsida;Myrtales;Myrtaceae;Eugenia;D.Legrand;;Tree
Angiosperms;Eugenia pyriformis;Magnoliopsida;Myrtales;Myrtaceae;Eugenia;Cambess.;Uvaia;"Shrub;Subshrub;Tree"
Angiosperms;Eugenia ramboi;Magnoliopsida;Myrtales;Myrtaceae;Eugenia;D.Legrand;;Tree
Angiosperms;Eugenia repanda;Magnoliopsida;Myrtales;Myrtaceae;Eugenia;O.Berg;Arrayan negro, mora, nangapiri negro, traste pelado;"Shrub;Tree"
Angiosperms;Eugenia sclerocalyx;Magnoliopsida;Myrtales;Myrtaceae;Eugenia;D.Legrand;;"Shrub;Tree"
Angiosperms;Eugenia sonderiana;Magnoliopsida;Myrtales;Myrtaceae;Eugenia;O.Berg;;"Shrub;Tree"
Angiosperms;Eugenia speciosa;Magnoliopsida;Myrtales;Myrtaceae;Eugenia;Cambess.;;Tree
Angiosperms;Eugenia squamiflora;Magnoliopsida;Myrtales;Myrtaceae;Eugenia;Mattos;;Tree
Angiosperms;Eugenia subterminalis;Magnoliopsida;Myrtales;Myrtaceae;Eugenia;DC.;;Tree
Angiosperms;Eugenia uruguayensis;Magnoliopsida;Myrtales;Myrtaceae;Eugenia;Cambess.;;Tree
Angiosperms;Euplassa cantareirae;Magnoliopsida;Proteales;Proteaceae;Euplassa;Sleumer;carvalho-brasileiro;Tree
Angiosperms;Euplassa nebularis;Magnoliopsida;Proteales;Proteaceae;Euplassa;Rambo & Sleumer;;"Shrub;Tree"
Angiosperms;Feijoa sellowiana;Magnoliopsida;Myrtales;Myrtaceae;Feijoa;(O.Berg) O.Berg;;"Shrub;Tree"
Angiosperms;Ficus luschnathiana;Magnoliopsida;Rosales;Moraceae;Ficus;(Miq.) Miq.;;Tree
Angiosperms;Gleditsia amorphoides;Magnoliopsida;Fabales;Fabaceae;Gleditsia;(Griseb.) Taub.;acucara-faveiro, sucara;Tree
Angiosperms;Guapira opposita;Magnoliopsida;Caryophyllales;Nyctaginaceae;Guapira;(Vell.) Reitz;farinha-seca, ciriba, pau-piranha, cebola, maria-mole;"Shrub;Tree"
Angiosperms;Guazuma ulmifolia;Magnoliopsida;Malvales;Malvaceae;Guazuma;Lam.;araticum-bravo, cabeca-de-negro, mutamba;Tree
Angiosperms;Gymnanthes klotzschiana;Magnoliopsida;Malpighiales;Euphorbiaceae;Gymnanthes;Müll.Arg.;branquinho, branquio, branquilho;"Shrub;Tree"
Angiosperms;Gymnanthes schottiana;Magnoliopsida;Malpighiales;Euphorbiaceae;Gymnanthes;Müll.Arg.;;"Shrub;Tree"
Angiosperms;Handroanthus serratifolius;Magnoliopsida;Lamiales;Bignoniaceae;Handroanthus;(Vahl) S.Grose;;Tree
Angiosperms;Hennecartia omphalandra;Magnoliopsida;Laurales;Monimiaceae;Hennecartia;J.Poiss.;arreganha, canema, gema-de-ovo, mata-olho-branco, pimenteira-do-mato;Tree
Angiosperms;Ilex brevicuspis;Magnoliopsida;Aquifoliales;Aquifoliaceae;Ilex;Reissek;cauna, orelha-de-mico;Tree
Angiosperms;Ilex microdonta;Magnoliopsida;Aquifoliales;Aquifoliaceae;Ilex;Reissek;;"Shrub;Tree"
Angiosperms;Ilex paraguariensis;Magnoliopsida;Aquifoliales;Aquifoliaceae;Ilex;A.St.-Hil.;erva-mate, mate, cha-mate;Tree
Angiosperms;Ilex taubertiana;Magnoliopsida;Aquifoliales;Aquifoliaceae;Ilex;Loes.;;Tree
Angiosperms;Inga lentiscifolia;Magnoliopsida;Fabales;Fabaceae;Inga;Benth.;;"Shrub;Tree"
Angiosperms;Inga sellowiana;Magnoliopsida;Fabales;Fabaceae;Inga;Benth.;inga-mirim, inga-ferro, inga-xixica, inga-xixi;"Shrub;Tree"
Angiosperms;Inga sessilis;Magnoliopsida;Fabales;Fabaceae;Inga;(Vell.) Mart.;inga-ferradura, inga-macaco;Tree
Angiosperms;Inga virescens;Magnoliopsida;Fabales;Fabaceae;Inga;Benth.;inga-verde;Tree
Angiosperms;Jacaranda puberula;Magnoliopsida;Lamiales;Bignoniaceae;Jacaranda;Cham.;caroba, carobinha;Tree
Angiosperms;Jacaratia spinosa;Magnoliopsida;Brassicales;Caricaceae;Jacaratia;(Aubl.) A.DC.;jaracatia, mamao jacatia, mamaozinho, mamao de porca, mamao-rana;Tree
Angiosperms;Laplacea fruticosa;Magnoliopsida;Ericales;Theaceae;Laplacea;(Schrad.) Kobuski;;"Shrub;Tree"
Angiosperms;Leandra purpureovillosa;Magnoliopsida;Myrtales;Melastomataceae;Leandra;Hoehne;;"Shrub;Tree"
Angiosperms;Leandra quinquedentata;Magnoliopsida;Myrtales;Melastomataceae;Leandra;(DC.) Cogn.;;"Shrub;Tree"
Angiosperms;Leandra quinquenodis;Magnoliopsida;Myrtales;Melastomataceae;Leandra;(DC.) Cogn.;;"Shrub;Tree"
Angiosperms;Leandra regnellii;Magnoliopsida;Myrtales;Melastomataceae;Leandra;(Triana) Cogn.;;"Shrub;Tree"
Angiosperms;Leandra reitzii;Magnoliopsida;Myrtales;Melastomataceae;Leandra;Wurdack;;"Shrub;Tree"
Angiosperms;Lithraea brasiliensis;Magnoliopsida;Sapindales;Anacardiaceae;Lithraea;Marchand;aroeira-brava;"Shrub;Tree"
Angiosperms;Lonchocarpus nitidus;Magnoliopsida;Fabales;Fabaceae;Lonchocarpus;(Vogel) Benth.;rabo-de-macaco, canela-branca;Tree
Angiosperms;Machaerium hatschbachii;Magnoliopsida;Fabales;Fabaceae;Machaerium;Rudd;jacaranda-de-espinho;Tree
Angiosperms;Machaerium paraguariense;Magnoliopsida;Fabales;Fabaceae;Machaerium;Hassl.;jacaranda-branco, sapuvao;Tree
Angiosperms;Machaerium stipitatum;Magnoliopsida;Fabales;Fabaceae;Machaerium;Vogel;sapuva, sapuvussu, farinha-seca, jacaranda-branco;Tree
Angiosperms;Margaritaria nobilis;Magnoliopsida;Malpighiales;Phyllanthaceae;Margaritaria;L.f.;botaozinho, cabelo-de-cotia, cafe-bravo, fruto-de-jacamin;"Shrub;Tree"
Angiosperms;Matayba cristae;Magnoliopsida;Sapindales;Sapindaceae;Matayba;Reitz;camboata, camboata-mirim, cubata-do-crista;Tree
Angiosperms;Matayba elaeagnoides;Magnoliopsida;Sapindales;Sapindaceae;Matayba;Radlk.;cuvanta, mataiba, miguel-pintado, pau-de-pombo, aroeira-branca, camboata, camboata-branco, craguata, crangoata, crangoata-branco;"Shrub;Tree"
Angiosperms;Maytenus boaria;Magnoliopsida;Celastrales;Celastraceae;Maytenus;Molina;;"Shrub;Tree"
Angiosperms;Meliosma sellowii;Magnoliopsida;Proteales;Sabiaceae;Meliosma;Urb.;canela-caju, pau-fernandes, canela-balao;Tree
Angiosperms;Miconia cinerascens;Magnoliopsida;Myrtales;Melastomataceae;Miconia;Miq.;;Tree
Angiosperms;Miconia dodecandra;Magnoliopsida;Myrtales;Melastomataceae;Miconia;Cogn.;;"Shrub;Tree"
Angiosperms;Miconia hyemalis;Magnoliopsida;Myrtales;Melastomataceae;Miconia;A.St.-Hil. & Naudin;;"Shrub;Tree"
Angiosperms;Miconia inconspicua;Magnoliopsida;Myrtales;Melastomataceae;Miconia;Miq.;;"Shrub;Tree"
Angiosperms;Miconia petropolitana;Magnoliopsida;Myrtales;Melastomataceae;Miconia;Cogn.;;"Shrub;Tree"
Angiosperms;Miconia pusilliflora;Magnoliopsida;Myrtales;Melastomataceae;Miconia;(DC.) Naudin;;"Shrub;Tree"
Angiosperms;Miconia ramboi;Magnoliopsida;Myrtales;Melastomataceae;Miconia;Brade;;"Shrub;Tree"
Angiosperms;Miconia sellowiana;Magnoliopsida;Myrtales;Melastomataceae;Miconia;Naudin;;"Shrub;Tree"
Angiosperms;Miconia tristis;Magnoliopsida;Myrtales;Melastomataceae;Miconia;Spring;;"Shrub;Tree"
Angiosperms;Mimosa flocculosa;Magnoliopsida;Fabales;Fabaceae;Mimosa;Burkart;;"Shrub;Tree"
Angiosperms;Mimosa scabrella;Magnoliopsida;Fabales;Fabaceae;Mimosa;Benth.;bracaatinga;Tree
Angiosperms;Mollinedia elegans;Magnoliopsida;Laurales;Monimiaceae;Mollinedia;Tul.;pimenteira;"Shrub;Tree"
Angiosperms;Monteverdia dasyclados;Magnoliopsida;Celastrales;Celastraceae;Monteverdia;(Mart.) Biral;;"Shrub;Tree"
Angiosperms;Monteverdia evonymoides;Magnoliopsida;Celastrales;Celastraceae;Monteverdia;(Reissek) Biral;;"Shrub;Tree"
Angiosperms;Monteverdia glaucescens;Magnoliopsida;Celastrales;Celastraceae;Monteverdia;(Reissek) Biral;;"Shrub;Tree"
Angiosperms;Monteverdia gonoclados;Magnoliopsida;Celastrales;Celastraceae;Monteverdia;(Mart.) Biral;seca-ligeiro;"Shrub;Tree"
Angiosperms;Muellera graciliflora;Magnoliopsida;Fabales;Fabaceae;Muellera;(M.J. Silva et al.) M.J. Silva & A.M.G. Azevedo;farinha-seca;Tree
Angiosperms;Myrceugenia acutata;Magnoliopsida;Myrtales;Myrtaceae;Myrceugenia;D.Legrand;;"Shrub;Tree"
Angiosperms;Myrceugenia acutiflora;Magnoliopsida;Myrtales;Myrtaceae;Myrceugenia;(Kiaersk.) D.Legrand & Kausel;;Tree
Angiosperms;Myrceugenia alpigena;Magnoliopsida;Myrtales;Myrtaceae;Myrceugenia;(DC.) Landrum;;Tree
Angiosperms;Myrceugenia bocaiuvensis;Magnoliopsida;Myrtales;Myrtaceae;Myrceugenia;Mattos;;Tree
Angiosperms;Myrceugenia bracteosa;Magnoliopsida;Myrtales;Myrtaceae;Myrceugenia;(DC.) D.Legrand & Kausel;;Tree
Angiosperms;Myrceugenia cucullata;Magnoliopsida;Myrtales;Myrtaceae;Myrceugenia;D.Legrand;;Tree
Angiosperms;Myrceugenia euosma;Magnoliopsida;Myrtales;Myrtaceae;Myrceugenia;(O.Berg) D.Legrand;;Tree
Angiosperms;Myrceugenia franciscensis;Magnoliopsida;Myrtales;Myrtaceae;Myrceugenia;(O.Berg) Landrum;;Tree
Angiosperms;Myrceugenia glaucescens;Magnoliopsida;Myrtales;Myrtaceae;Myrceugenia;(Cambess.) D.Legrand & Kausel;;Tree
Angiosperms;Myrceugenia hatschbachii;Magnoliopsida;Myrtales;Myrtaceae;Myrceugenia;Landrum;;Tree
Angiosperms;Myrceugenia hoehnei;Magnoliopsida;Myrtales;Myrtaceae;Myrceugenia;(Burret) D.Legrand & Kausel;;Tree
Angiosperms;Myrceugenia kleinii;Magnoliopsida;Myrtales;Myrtaceae;Myrceugenia;D.Legrand & Kausel;;Tree
Angiosperms;Myrceugenia miersiana;Magnoliopsida;Myrtales;Myrtaceae;Myrceugenia;(Gardner) D.Legrand & Kausel;;Tree
Angiosperms;Myrceugenia myrcioides;Magnoliopsida;Myrtales;Myrtaceae;Myrceugenia;(Cambess.) O.Berg;;Tree
Angiosperms;Myrceugenia ovalifolia;Magnoliopsida;Myrtales;Myrtaceae;Myrceugenia;(O.Berg) Landrum;;Tree
Angiosperms;Myrceugenia oxysepala;Magnoliopsida;Myrtales;Myrtaceae;Myrceugenia;(Burret) D.Legrand & Kausel;;"Shrub;Tree"
Angiosperms;Myrceugenia pilotantha;Magnoliopsida;Myrtales;Myrtaceae;Myrceugenia;(Kiaersk.) Landrum;;Tree
Angiosperms;Myrceugenia rufescens;Magnoliopsida;Myrtales;Myrtaceae;Myrceugenia;(DC.) D.Legrand & Kausel;;Tree
Angiosperms;Myrceugenia scutellata;Magnoliopsida;Myrtales;Myrtaceae;Myrceugenia;D.Legrand;;Tree
Angiosperms;Myrceugenia seriatoramosa;Magnoliopsida;Myrtales;Myrtaceae;Myrceugenia;(Kiaersk.) D.Legrand & Kausel;;Tree
Angiosperms;Myrceugenia venosa;Magnoliopsida;Myrtales;Myrtaceae;Myrceugenia;D.Legrand;;Tree
Angiosperms;Myrcia guianensis;Magnoliopsida;Myrtales;Myrtaceae;Myrcia;(Aubl.) DC.;cambui, guamirim, guamirim-branco;"Shrub;Subshrub;Tree"
Angiosperms;Myrcia hartwegiana;Magnoliopsida;Myrtales;Myrtaceae;Myrcia;(O.Berg) Kiaersk.;;Tree
Angiosperms;Myrcia hatschbachii;Magnoliopsida;Myrtales;Myrtaceae;Myrcia;D.Legrand;;Tree
Angiosperms;Myrcia hebepetala;Magnoliopsida;Myrtales;Myrtaceae;Myrcia;DC.;;Tree
Angiosperms;Myrcia legrandii;Magnoliopsida;Myrtales;Myrtaceae;Myrcia;A.R.Lourenço & E.Lucas;;Tree
Angiosperms;Myrcia multiflora;Magnoliopsida;Myrtales;Myrtaceae;Myrcia;(Lam.) DC.;;"Shrub;Tree"
Angiosperms;Myrcia neolucida;Magnoliopsida;Myrtales;Myrtaceae;Myrcia;A.R.Lourenço & E.Lucas;;Tree
Angiosperms;Myrcia oblongata;Magnoliopsida;Myrtales;Myrtaceae;Myrcia;DC.;;"Shrub;Tree"
Angiosperms;Myrcia palustris;Magnoliopsida;Myrtales;Myrtaceae;Myrcia;DC.;;Tree
Angiosperms;Myrcia reitzii;Magnoliopsida;Myrtales;Myrtaceae;Myrcia;(D.Legrand) Mazine;;Tree
Angiosperms;Myrcia selloi;Magnoliopsida;Myrtales;Myrtaceae;Myrcia;(Spreng.) N.Silveira;;"Shrub;Tree"
Angiosperms;Myrcia strigosa;Magnoliopsida;Myrtales;Myrtaceae;Myrcia;A.R.Lourenço & E.Lucas;;Tree
Angiosperms;Myrcianthes gigantea;Magnoliopsida;Myrtales;Myrtaceae;Myrcianthes;(D.Legrand) D.Legrand;;Tree
Angiosperms;Myrcianthes pungens;Magnoliopsida;Myrtales;Myrtaceae;Myrcianthes;(O.Berg) D.Legrand;;Tree
Angiosperms;Myrciaria cuspidata;Magnoliopsida;Myrtales;Myrtaceae;Myrciaria;O.Berg;;Tree
Angiosperms;Myrciaria delicatula;Magnoliopsida;Myrtales;Myrtaceae;Myrciaria;(DC.) O.Berg;;Tree
Angiosperms;Myrciaria floribunda;Magnoliopsida;Myrtales;Myrtaceae;Myrciaria;(H.West ex Willd.) O.Berg;;Tree
Angiosperms;Myrciaria tenella;Magnoliopsida;Myrtales;Myrtaceae;Myrciaria;(DC.) O.Berg;;Tree
Angiosperms;Myrocarpus frondosus;Magnoliopsida;Fabales;Fabaceae;Myrocarpus;Allemão;cabreuva, sapuvao;Tree
Angiosperms;Myroxylon peruiferum;Magnoliopsida;Fabales;Fabaceae;Myroxylon;L.f.;cabreuva, balsamo, oleo-vermelho, cabreuva-vermelha, caburayba;Tree
Angiosperms;Myrrhinium atropurpureum;Magnoliopsida;Myrtales;Myrtaceae;Myrrhinium;Schott;;"Shrub;Tree"
Angiosperms;Myrsine balansae;Magnoliopsida;Ericales;Primulaceae;Myrsine;(Mez) Otegui;;Tree
Angiosperms;Myrsine coriacea;Magnoliopsida;Ericales;Primulaceae;Myrsine;(Sw.) R.Br. ex Roem. & Schult.;capororoquinha;"Shrub;Tree"
Angiosperms;Myrsine umbellata;Magnoliopsida;Ericales;Primulaceae;Myrsine;Mart.;;Tree
Angiosperms;Nectandra lanceolata;Magnoliopsida;Laurales;Lauraceae;Nectandra;Nees;canela-amarela;Tree
Angiosperms;Nectandra megapotamica;Magnoliopsida;Laurales;Lauraceae;Nectandra;(Spreng.) Mez;canelinha, canela;Tree
Angiosperms;Nectandra membranacea;Magnoliopsida;Laurales;Lauraceae;Nectandra;(Sw.) Griseb.;canela-branca;Tree
Angiosperms;Nectandra paranaensis;Magnoliopsida;Laurales;Lauraceae;Nectandra;Coe-Teix.;;Tree
Angiosperms;Nectandra puberula;Magnoliopsida;Laurales;Lauraceae;Nectandra;(Schott) Nees;canela-amarela;Tree
Angiosperms;Nectandra reticulata;Magnoliopsida;Laurales;Lauraceae;Nectandra;(Ruiz & Pav.) Mez;canela-jacu;Tree
Angiosperms;Neomitranthes gemballae;Magnoliopsida;Myrtales;Myrtaceae;Neomitranthes;(D.Legrand) D.Legrand;;Tree
Angiosperms;Neomitranthes warmingiana;Magnoliopsida;Myrtales;Myrtaceae;Neomitranthes;(Kiaersk.) Mattos;;Tree
Angiosperms;Ocotea bicolor;Magnoliopsida;Laurales;Lauraceae;Ocotea;Vattimo-Gil;canela-branca, canela-fedida;Tree
Angiosperms;Ocotea glaziovii;Magnoliopsida;Laurales;Lauraceae;Ocotea;Mez;;Tree
Angiosperms;Ocotea nunesiana;Magnoliopsida;Laurales;Lauraceae;Ocotea;(Vattimo-Gil) J.B. Baitello;;Tree
Angiosperms;Ocotea porosa;Magnoliopsida;Laurales;Lauraceae;Ocotea;(Nees & Mart.) Barroso;;Tree
Angiosperms;Ocotea puberula;Magnoliopsida;Laurales;Lauraceae;Ocotea;(Rich.) Nees;louro, louro-abacate, canela-gosmenta, canela-babosa;Tree
Angiosperms;Oreopanax fulvus;Magnoliopsida;Apiales;Araliaceae;Oreopanax;Marchal;;Tree
Angiosperms;Pereskia grandifolia;Magnoliopsida;Caryophyllales;Cactaceae;Pereskia;Haw.;;"Shrub;Tree"
Angiosperms;Persea venosa;Magnoliopsida;Laurales;Lauraceae;Persea;Nees & Mart.;;Tree
Angiosperms;Persea willdenovii;Magnoliopsida;Laurales;Lauraceae;Persea;Kosterm.;;Tree
Angiosperms;Picramnia excelsa;Magnoliopsida;Picramniales;Picramniaceae;Picramnia;Kuhlm. ex Pirani;cedrico;Tree
Angiosperms;Picramnia parvifolia;Magnoliopsida;Picramniales;Picramniaceae;Picramnia;Engl.;cafezinho-do-mato, cedrinho, cedrico;"Shrub;Tree"
Angiosperms;Picrasma crenata;Magnoliopsida;Sapindales;Simaroubaceae;Picrasma;(Vell.) Engl.;pau-amargo, pau-tenente, tenente-jose;Tree
Angiosperms;Pilocarpus pennatifolius;Magnoliopsida;Sapindales;Rutaceae;Pilocarpus;Lem.;crista-de-peru, cutia, cutia-branca, guatambu, guaximbiricu, jaborandi, pau-de-cutia;Tree
Angiosperms;Pimenta pseudocaryophyllus;Magnoliopsida;Myrtales;Myrtaceae;Pimenta;(Gomes) Landrum;;Tree
Angiosperms;Piper aduncum;Magnoliopsida;Piperales;Piperaceae;Piper;L.;pimenta-longa, ti-nixpu-kaxinawa;"Shrub;Tree"
Angiosperms;Piptocarpha angustifolia;Magnoliopsida;Asterales;Asteraceae;Piptocarpha;Dusén ex Malme;vassouraozinho, vassourao-preto;Tree
Angiosperms;Piptocarpha axillaris;Magnoliopsida;Asterales;Asteraceae;Piptocarpha;(Less.) Baker;canela-podre, maria-mole, cambara-do-campo, vassourao;Tree
Angiosperms;Piptocarpha densifolia;Magnoliopsida;Asterales;Asteraceae;Piptocarpha;Dusén ex G. Lom. Sm.;vassouraozinho, cambara-branco;Tree
Angiosperms;Piptocarpha regnellii;Magnoliopsida;Asterales;Asteraceae;Piptocarpha;(Sch.Bip.) Cabrera;;Tree
Angiosperms;Pisonia ambigua;Magnoliopsida;Caryophyllales;Nyctaginaceae;Pisonia;Heimerl;maria-mole, maria-faceira;Tree
Angiosperms;Plinia peruviana;Magnoliopsida;Myrtales;Myrtaceae;Plinia;(Poir.) Govaerts;;Tree
Angiosperms;Plinia pseudodichasiantha;Magnoliopsida;Myrtales;Myrtaceae;Plinia;(Kiaersk.) G.M.Barroso ex Sobral;;Tree
Angiosperms;Plinia rivularis;Magnoliopsida;Myrtales;Myrtaceae;Plinia;(Cambess.) Rotman;;Tree
Gymnosperms;Podocarpus brasiliensis;Pinopsida;Pinales;Podocarpaceae;Podocarpus;Laubenf.;;Tree
Gymnosperms;Podocarpus lambertii;Pinopsida;Pinales;Podocarpaceae;Podocarpus;Klotzsch ex Endl.;;Tree
Gymnosperms;Podocarpus sellowii;Pinopsida;Pinales;Podocarpaceae;Podocarpus;Klotzsch ex Endl.;;Tree
Angiosperms;Posoqueria latifolia;Magnoliopsida;Gentianales;Rubiaceae;Posoqueria;(Rudge) Schult.;;"Shrub;Tree"
Angiosperms;Prockia crucis;Magnoliopsida;Malpighiales;Salicaceae;Prockia;P.Browne ex L.;;"Shrub;Tree"
Angiosperms;Pseudalbizzia edwallii;Magnoliopsida;Fabales;Fabaceae;Pseudalbizzia;(Hoehne) E.J.M.Koenen & Duno;;Tree
Angiosperms;Pseudalbizzia niopoides;Magnoliopsida;Fabales;Fabaceae;Pseudalbizzia;(Spruce ex Benth.) E.J.M.Koenen & Duno;;Tree
Angiosperms;Psidium araucanum;Magnoliopsida;Myrtales;Myrtaceae;Psidium;Soares-Silva & Proença;;Tree
Angiosperms;Psidium cattleyanum;Magnoliopsida;Myrtales;Myrtaceae;Psidium;Sabine;araca-amarelo, araca-de-coroa, araca;"Shrub;Tree"
Angiosperms;Psidium longipetiolatum;Magnoliopsida;Myrtales;Myrtaceae;Psidium;D.Legrand;;Tree
Angiosperms;Quillaja lancifolia;Magnoliopsida;Fabales;Quillajaceae;Quillaja;D.Don;pau-de-sabao, arvore-de-sabao, sabao-de-soldado, assa-toucinho, timbauva, timbuva, timbauvao, quillay, palo de jabon, arbol de jabon, saboeiro;Tree
Angiosperms;Raulinoreitzia leptophlebia;Magnoliopsida;Asterales;Asteraceae;Raulinoreitzia;(B.L.Rob.) R.M.King & H.Rob.;;"Shrub;Tree"
Angiosperms;Roupala consimilis;Magnoliopsida;Proteales;Proteaceae;Roupala;Mez;carvalho, carne-de-vaca;Tree
Angiosperms;Roupala montana;Magnoliopsida;Proteales;Proteaceae;Roupala;Aubl.;carne-de-vaca, carvalho-vermelho, congonha, carvalho, mijo-de-guara, sambaibinha;"Shrub;Tree"
Angiosperms;Rudgea gardenioides;Magnoliopsida;Gentianales;Rubiaceae;Rudgea;(Cham.) Müll.Arg.;arapoca, pau-de-doia, corticeira-da-mata, peroba-d'agua;Tree
Angiosperms;Rudgea jasminoides;Magnoliopsida;Gentianales;Rubiaceae;Rudgea;(Cham.) Müll.Arg.;jasmin-do-mato, cafe-do-mato, pimenteira-de-folha-larga, casca-d'anta, pasto-d'anta;"Shrub;Tree"
Angiosperms;Ruprechtia laxiflora;Magnoliopsida;Caryophyllales;Polygonaceae;Ruprechtia;Meisn.;;Tree
Angiosperms;Salix humboldtiana;Magnoliopsida;Malpighiales;Salicaceae;Salix;Willd.;louro-da-varzea, ourana, salseiro;Tree
Angiosperms;Sambucus australis;Magnoliopsida;Dipsacales;Adoxaceae;Sambucus;Cham. & Schltdl.;sabugueiro;"Shrub;Tree"
Angiosperms;Schaefferia argentinensis;Magnoliopsida;Celastrales;Celastraceae;Schaefferia;Speg.;;"Shrub;Tree"
Angiosperms;Schinus engleri;Magnoliopsida;Sapindales;Anacardiaceae;Schinus;F.A.Barkley;;"Shrub;Tree"
Angiosperms;Schinus ferox;Magnoliopsida;Sapindales;Anacardiaceae;Schinus;Hassl.;;"Shrub;Tree"
Angiosperms;Schinus longifolia;Magnoliopsida;Sapindales;Anacardiaceae;Schinus;(Lindl.) Speg.;;"Shrub;Tree"
Angiosperms;Schinus molle;Magnoliopsida;Sapindales;Anacardiaceae;Schinus;L.;aroeira-folha-de-salso, aroeira-mansa;Tree
Angiosperms;Schinus ramboi;Magnoliopsida;Sapindales;Anacardiaceae;Schinus;F.A.Barkley;;"Shrub;Tree"
Angiosperms;Schinus spinosa;Magnoliopsida;Sapindales;Anacardiaceae;Schinus;Engl.;;"Shrub;Tree"
Angiosperms;Schinus terebinthifolius;Magnoliopsida;Sapindales;Anacardiaceae;Schinus;Raddi;aroeira-da-praia, aroeira-de-remedio, aroeira-mansa, aroeira-vermelha, aroeira;"Shrub;Tree"
Angiosperms;Senna macranthera;Magnoliopsida;Fabales;Fabaceae;Senna;(DC. ex Collad.) H.S.Irwin & Barneby;manduirana;"Shrub;Tree"
Angiosperms;Sessea regnellii;Magnoliopsida;Solanales;Solanaceae;Sessea;Taub.;;Tree
Angiosperms;Siphoneugena reitzii;Magnoliopsida;Myrtales;Myrtaceae;Siphoneugena;D.Legrand;;Tree
Angiosperms;Sloanea guianensis;Magnoliopsida;Oxalidales;Elaeocarpaceae;Sloanea;(Aubl.) Benth.;urucurana;Tree
Angiosperms;Sloanea lasiocoma;Magnoliopsida;Oxalidales;Elaeocarpaceae;Sloanea;K.Schum.;;Tree
Angiosperms;Solanum bullatum;Magnoliopsida;Solanales;Solanaceae;Solanum;Vell.;;Tree
Angiosperms;Solanum cinnamomeum;Magnoliopsida;Solanales;Solanaceae;Solanum;Sendtn.;;Tree
Angiosperms;Solanum compressum;Magnoliopsida;Solanales;Solanaceae;Solanum;L.B.Sm. & Downs;;Tree
Angiosperms;Solanum diploconos;Magnoliopsida;Solanales;Solanaceae;Solanum;(Mart.) Bohs;;"Shrub;Tree"
Angiosperms;Solanum granulosoleprosum;Magnoliopsida;Solanales;Solanaceae;Solanum;Dunal;;Tree
Angiosperms;Solanum kleinii;Magnoliopsida;Solanales;Solanaceae;Solanum;L.B.Sm. & Downs;;"Shrub;Tree"
Angiosperms;Solanum lacerdae;Magnoliopsida;Solanales;Solanaceae;Solanum;Dusén;;"Shrub;Tree"
Angiosperms;Solanum mauritianum;Magnoliopsida;Solanales;Solanaceae;Solanum;Scop.;;"Shrub;Tree"
Angiosperms;Solanum pabstii;Magnoliopsida;Solanales;Solanaceae;Solanum;L.B.Sm. & Downs;;Tree
Angiosperms;Solanum paranense;Magnoliopsida;Solanales;Solanaceae;Solanum;Dusén;;"Shrub;Tree"
Angiosperms;Solanum pinetorum;Magnoliopsida;Solanales;Solanaceae;Solanum;(L.B.Sm. & Downs) Bohs;;"Shrub;Tree"
Angiosperms;Solanum pseudoquina;Magnoliopsida;Solanales;Solanaceae;Solanum;A.St.-Hil.;;Tree
Angiosperms;Solanum reitzii;Magnoliopsida;Solanales;Solanaceae;Solanum;L.B.Sm. & Downs;;Tree
Angiosperms;Solanum sanctae-catharinae;Magnoliopsida;Solanales;Solanaceae;Solanum;Dunal;;Tree
Angiosperms;Solanum sciadostylis;Magnoliopsida;Solanales;Solanaceae;Solanum;(Sendtn.) Bohs;;"Shrub;Tree"
Angiosperms;Solanum scuticum;Magnoliopsida;Solanales;Solanaceae;Solanum;M.Nee;jurubeba, jurubeba-verdadeira;"Shrub;Tree"
Angiosperms;Solanum variabile;Magnoliopsida;Solanales;Solanaceae;Solanum;Mart.;jurubeba;"Shrub;Tree"
Angiosperms;Strychnos brasiliensis;Magnoliopsida;Gentianales;Loganiaceae;Strychnos;(Spreng.) Mart.;;"Liana/scandent/vine;Shrub;Tree"
Angiosperms;Styrax leprosus;Magnoliopsida;Ericales;Styracaceae;Styrax;Hook. & Arn.;;Tree
Angiosperms;Syagrus romanzoffiana;Liliopsida;Arecales;Arecaceae;Syagrus;(Cham.) Glassman;geriva, jaroba, jeriva;Palm_tree
Angiosperms;Symphyopappus lymansmithii;Magnoliopsida;Asterales;Asteraceae;Symphyopappus;B.L.Rob.;;"Shrub;Tree"
Angiosperms;Symplocos celastrinea;Magnoliopsida;Ericales;Symplocaceae;Symplocos;Mart.;caa-vera, cha-de-bugre, congonha, caapoa, congonha-de-bugre, jabaozinho, k'a vera, mate-falso, peroba-d'agua;"Shrub;Tree"
Angiosperms;Symplocos estrellensis;Magnoliopsida;Ericales;Symplocaceae;Symplocos;Casar.;canela-conserva, catatu, congonha, congonha-de-folha-grande, mandioqueira, orelha-de-onca;"Shrub;Tree"
Angiosperms;Symplocos glandulosomarginata;Magnoliopsida;Ericales;Symplocaceae;Symplocos;Hoehne;bracunha, falsa-caneta, maria-mole;"Shrub;Tree"
Angiosperms;Symplocos kleinii;Magnoliopsida;Ericales;Symplocaceae;Symplocos;Bidá ex Aranha;;"Shrub;Tree"
Angiosperms;Symplocos nitidiflora;Magnoliopsida;Ericales;Symplocaceae;Symplocos;Brand;capororoca-falsa;"Shrub;Tree"
Angiosperms;Symplocos oblongifolia;Magnoliopsida;Ericales;Symplocaceae;Symplocos;Casar.;cascudinho-do-cerrado, congoinha, congonha, congonha-amarela, congonha-da-mata, congonha-da-serra, congonha-de-caixeta, congonha-do-campo, congonha-falsa, congonha-miuda, congonhao, corticeira, quina;"Shrub;Subshrub;Tree"
Angiosperms;Symplocos pentandra;Magnoliopsida;Ericales;Symplocaceae;Symplocos;(Mattos) Occhioni ex Aranha;congoinha, congonha, congonha-do-campo, maria-mole, veadeira-do-campo;"Shrub;Tree"
Angiosperms;Symplocos pubescens;Magnoliopsida;Ericales;Symplocaceae;Symplocos;Klotzsch ex Benth.;cinzeira-do-mato, congonha-do-campo, fruta-de-jacu, laranjinha, laranjinha-arroz-doce, pau-de-cinza;"Shrub;Tree"
Angiosperms;Symplocos pustulosa;Magnoliopsida;Ericales;Symplocaceae;Symplocos;Aranha;orelha-de-onca;"Shrub;Tree"
Angiosperms;Symplocos tenuifolia;Magnoliopsida;Ericales;Symplocaceae;Symplocos;Brand;capororoca, capororoquinha, carne-de-vaca, congonha, maria-mole, maria-mole-miuda, orelha-de-gato, pessegueiro-bravo, vauvu;"Shrub;Tree"
Angiosperms;Symplocos tetrandra;Magnoliopsida;Ericales;Symplocaceae;Symplocos;(Mart.) Mart.;cana-preta, cauna, cauna-preta, maria-mole, pau-de-cangalha, pessegueiro-bravo, sete-sangria, yvyra beui;"Shrub;Tree"
Angiosperms;Symplocos uniflora;Magnoliopsida;Ericales;Symplocaceae;Symplocos;(Pohl) Benth.;azavero, beira-mato-da-flor-branca, cangalha, caona, caujuja, cauna, cauna-do-mato, caveru, cinzeira, coana, congonha, congonha-falsa, congonha-miuda, jasmim-do-mato, kaa-vera, laranjeira-do-mato, laranjinha-do-mato, maria-mole, maria-mole-branca, maria-mole-de-flor-branca, maria-mole-de-flor-rosa, maria-mole-do-banhado, pau, pau-cangalha, pau-de-cangalha, sete-sangrias, sete-sangrias-do-banhado;"Shrub;Tree"
Angiosperms;Ternstroemia brasiliensis;Magnoliopsida;Ericales;Pentaphylacaceae;Ternstroemia;Cambess.;pororocao, pororoca-vermelha, majuruvoca, pinta-noiva, pinta-moca, bajuruvoca, bengue, mangue-de-formiga, guanandi-mole;"Shrub;Tree"
Angiosperms;Trichilia claussenii;Magnoliopsida;Sapindales;Meliaceae;Trichilia;C.DC.;;Tree
Angiosperms;Trichilia elegans;Magnoliopsida;Sapindales;Meliaceae;Trichilia;A.Juss.;;"Shrub;Tree"
Angiosperms;Trithrinax acanthocoma;Liliopsida;Arecales;Arecaceae;Trithrinax;Drude;carandai, butiti;Palm_tree
Angiosperms;Urera baccifera;Magnoliopsida;Rosales;Urticaceae;Urera;(L.) Gaudich. ex Wedd.;urgi;"Shrub;Tree"
Angiosperms;Urera caracasana;Magnoliopsida;Rosales;Urticaceae;Urera;(Jacq.) Griseb.;urtiga, urtiga-branca, urtiga-cipo;"Shrub;Tree"
Angiosperms;Vitex megapotamica;Magnoliopsida;Lamiales;Lamiaceae;Vitex;(Spreng.) Moldenke;;"Shrub;Tree"
Angiosperms;Ximenia americana;Magnoliopsida;Santalales;Ximeniaceae;Ximenia;L.;;"Shrub;Tree"
Angiosperms;Xylosma ciliatifolia;Magnoliopsida;Malpighiales;Salicaceae;Xylosma;(Clos) Eichler;assucara, espinho-de-agulha, coroa-de-cristo;"Shrub;Tree"
Angiosperms;Xylosma prockia;Magnoliopsida;Malpighiales;Salicaceae;Xylosma;(Turcz.) Turcz.;;"Shrub;Tree"
Angiosperms;Zanthoxylum fagara;Magnoliopsida;Sapindales;Rutaceae;Zanthoxylum;(L.) Sarg.;arruda-amarela, coentrilho, mamica-de-cadela, mamica-de-porca, mamica-de-porca-branca;Tree
Angiosperms;Zanthoxylum kleinii;Magnoliopsida;Sapindales;Rutaceae;Zanthoxylum;(R.S.Cowan) P.G.Waterman;juveve, tembetari;"Shrub;Tree"
Angiosperms;Zanthoxylum petiolare;Magnoliopsida;Sapindales;Rutaceae;Zanthoxylum;A.St.-Hil. & Tul.;catinga-de-bode, laranjeira-do-mato, laranjinha, limao-bravo, limaozinho, mamica-de-porca, pau-barrao, tembetaru;Tree
